[Header],
FileFormatVersion,2
RunName,Wave2_DVT_015_SG_Lotus_COCA_HO_VH00233
InstrumentPlatform,NextSeq1k2k
InstrumentType,NextSeq2000

[Reads]
Read1Cycles,151
Read2Cycles,151
Index1Cycles,10
Index2Cycles,10

[BCLConvert_Settings]
SoftwareVersion,3.7.4
BarcodeMismatchesIndex1,1
BarcodeMismatchesIndex2,1

AdapterRead1,CTGTCTCTTATACACATCT
AdapterRead2,CTGTCTCTTATACACATCT

[BCLConvert_Data]
Sample_ID,Index,Index2
NA12878_Lotus_A08,AACACTGTTA,GCAAGTCTCA
NA12878_Lotus_B08,ATGGCTCGTT,TCAGCTCTGC
NA12878_Lotus_C08,AAGCGCGGTC,ACTGTTCTCG
